<?xml version="1.0" encoding="utf-8"?>
<WGCheckConfig xmlns:xsd="http://www.w3.org/2001/XMLSchema" xmlns:xsi="http://www.w3.org/2001/XMLSchema-instance">
  <Region>EU</Region>
  <Lang>en</Lang>
  <UsefulLinks>
    <Links_PC>
      <Link>
        <Adress>https://eu.wargaming.net/support/kb/articles/596</Adress>
        <LinkText>How to create a WGCheck</LinkText>
      </Link>
      <Link>
        <Adress>https://eu.wargaming.net/support/kb/articles/9</Adress>
        <LinkText>Updating the video card drivers</LinkText>
      </Link>
      <Link>
        <Adress>https://eu.wargaming.net/support/kb/articles/41</Adress>
        <LinkText>How to check the card for overheating</LinkText>
      </Link>
      <Link>
        <Adress>https://eu.wargaming.net/support/kb/articles/477</Adress>
        <LinkText>How to switch to a dedicated video card</LinkText>
      </Link>
      <Link>
        <Adress>https://eu.wargaming.net/support/kb/articles/633</Adress>
        <LinkText>How to enable AMD Crossfire</LinkText>
      </Link>
      <Link>
        <Adress>https://eu.wargaming.net/support/kb/articles/211</Adress>
        <LinkText>Moving cache files, preferences and settings from SSD to HDD</LinkText>
      </Link>
      <Link>
        <Adress>https://eu.wargaming.net/support/kb/articles/635</Adress>
        <LinkText>How to enable NVidia SLI</LinkText>
      </Link>
      <Link>
        <Adress>https://eu.wargaming.net/support/kb/articles/527</Adress>
        <LinkText>How to improve the FPS</LinkText>
      </Link>
      <Link>
        <Adress>https://eu.wargaming.net/support/kb/articles/88</Adress>
        <LinkText>How to improve the loading time of maps?</LinkText>
      </Link>
      <Link>
        <Adress>https://eu.wargaming.net/support/kb/articles/74</Adress>
        <LinkText>How to create a DxDiag report</LinkText>
      </Link>
      <Link>
        <Adress>https://eu.wargaming.net/support/kb/articles/309</Adress>
        <LinkText>How to create an AIDA report</LinkText>
      </Link>
      <Link>
        <Adress>https://eu.wargaming.net/support/kb/articles/471</Adress>
        <LinkText>Solving a blue screen issue (BSOD)</LinkText>
      </Link>
      <Link>
        <Adress>https://eu.wargaming.net/support/kb/articles/453</Adress>
        <LinkText>Solving a 'Corrupted File' issue during installation</LinkText>
      </Link>
      <Link>
        <Adress>https://eu.wargaming.net/support/kb/articles/250</Adress>
        <LinkText>Solving random minimizing of the game</LinkText>
      </Link>
      <Link>
        <Adress>https://eu.wargaming.net/support/kb/articles/476</Adress>
        <LinkText>Solving voice chat issue</LinkText>
      </Link>
      <Link>
        <Adress>https://eu.wargaming.net/support/kb/articles/35</Adress>
        <LinkText>Playing games under Linux</LinkText>
      </Link>
    </Links_PC>
    <Links_WOT>
      <Link>
        <Adress>https://eu.wargaming.net/support/kb/articles/52</Adress>
        <LinkText>Game requirements</LinkText>
      </Link>
      <Link>
        <Adress>https://eu.wargaming.net/support/kb/articles/399</Adress>
        <LinkText>How to install the game?</LinkText>
      </Link>
      <Link>
        <Adress>https://eu.wargaming.net/support/kb/articles/710</Adress>
        <LinkText>Common problems and solutions</LinkText>
      </Link>
      <Link>
        <Adress>https://eu.wargaming.net/support/kb/articles/322</Adress>
        <LinkText>How to report bugs?</LinkText>
      </Link>
      <Link>
        <Adress>https://eu.wargaming.net/support/kb/articles/832</Adress>
        <LinkText>How to solve Launcher issues?</LinkText>
      </Link>
      <Link>
        <Adress>https://eu.wargaming.net/support/kb/articles/97</Adress>
        <LinkText>How to solve Update issues?</LinkText>
      </Link>
      <Link>
        <Adress>https://eu.wargaming.net/support/kb/articles/369</Adress>
        <LinkText>How to solve Client issues?</LinkText>
      </Link>
      <Link>
        <Adress>https://eu.wargaming.net/support/kb/articles/460</Adress>
        <LinkText>Improving performance by lowering settings</LinkText>
      </Link>
      <Link>
        <Adress>https://eu.wargaming.net/support/kb/articles/248</Adress>
        <LinkText>How to solve FPS issues?</LinkText>
      </Link>
      <Link>
        <Adress>https://eu.wargaming.net/support/kb/articles/252</Adress>
        <LinkText>How to solve game crashes?</LinkText>
      </Link>
      <Link>
        <Adress>https://eu.wargaming.net/support/kb/articles/396</Adress>
        <LinkText>Clearing game settings and cache</LinkText>
      </Link>
      <Link>
        <Adress>https://eu.wargaming.net/support/kb/articles/750</Adress>
        <LinkText>Starting the game in Safe Mode</LinkText>
      </Link>
      <Link>
        <Adress>https://eu.wargaming.net/support/kb/articles/249</Adress>
        <LinkText>Problem with garage buttons</LinkText>
      </Link>
      <Link>
        <Adress>https://eu.wargaming.net/support/kb/articles/565</Adress>
        <LinkText>Problem with decimals in WoT</LinkText>
      </Link>
      <Link>
        <Adress>https://eu.wargaming.net/support/kb/articles/46</Adress>
        <LinkText>D3Dx9_43.dll or d3dx10_43.dll is missing</LinkText>
      </Link>
      <Link>
        <Adress>https://eu.wargaming.net/support/kb/articles/420</Adress>
        <LinkText>WoT for MAC OS</LinkText>
      </Link>
      <Link>
        <Adress>https://eu.wargaming.net/support/kb/articles/622</Adress>
        <LinkText>Being unable to use Improved Graphics</LinkText>
      </Link>
      <Link>
        <Adress>https://eu.wargaming.net/support/kb/articles/252</Adress>
        <LinkText>Black/white screen in WoT</LinkText>
      </Link>
    </Links_WOT>
    <Links_WOWS>
      <Link>
        <Adress>https://eu.wargaming.net/support/kb/articles/790</Adress>
        <LinkText>Game requirements</LinkText>
      </Link>
      <Link>
        <Adress>https://eu.wargaming.net/support/kb/articles/713</Adress>
        <LinkText>How to install the game?</LinkText>
      </Link>
      <Link>
        <Adress>https://eu.wargaming.net/support/kb/articles/712</Adress>
        <LinkText>Common problems and solutions</LinkText>
      </Link>
      <Link>
        <Adress>https://eu.wargaming.net/support/kb/articles/322</Adress>
        <LinkText>How to report bugs?</LinkText>
      </Link>
      <Link>
        <Adress>https://eu.wargaming.net/support/kb/articles/791</Adress>
        <LinkText>Adding custom sounds</LinkText>
      </Link>
      <Link>
        <Adress>https://eu.wargaming.net/support/kb/articles/756</Adress>
        <LinkText>WoWS for MAC OS</LinkText>
      </Link>
    </Links_WOWS>
    <Links_WOWP>
      <Link>
        <Adress>https://worldofwarplanes.eu/game/#system-requirements</Adress>
        <LinkText>Game requirements</LinkText>
      </Link>
      <Link>
        <Adress>https://worldofwarplanes.eu/tutorials/guide/</Adress>
        <LinkText>How to install the game?</LinkText>
      </Link>
      <Link>
        <Adress>https://eu.wargaming.net/support/kb/articles/666</Adress>
        <LinkText>Common problems and solutions</LinkText>
      </Link>
      <Link>
        <Adress>https://eu.wargaming.net/support/kb/articles/2</Adress>
        <LinkText>How to report bugs?</LinkText>
      </Link>
      <Link>
        <Adress>https://eu.wargaming.net/support/kb/articles/3</Adress>
        <LinkText>How to report client crashes?</LinkText>
      </Link>
      <Link>
        <Adress>https://eu.wargaming.net/support/kb/articles/711</Adress>
        <LinkText>Clearing game settings and cache</LinkText>
      </Link>
      <Link>
        <Adress>https://eu.wargaming.net/support/kb/articles/84</Adress>
        <LinkText>Solving mouse issues</LinkText>
      </Link>
      <Link>
        <Adress>https://eu.wargaming.net/support/kb/articles/129</Adress>
        <LinkText>Solving joystick issues</LinkText>
      </Link>
      <Link>
        <Adress>https://eu.wargaming.net/support/kb/articles/120</Adress>
        <LinkText>Solving general controllers issues</LinkText>
      </Link>
      <Link>
        <Adress>https://eu.wargaming.net/support/kb/articles/262</Adress>
        <LinkText>Configuring mouse</LinkText>
      </Link>
    </Links_WOWP>
    <Links_TWA>
      <Link>
        <Adress>https://eu.wargaming.net/support/kb/articles/778</Adress>
        <LinkText>Game requirements</LinkText>
      </Link>
      <Link>
        <Adress>http://forum.totalwararena.net/index.php?/forum-63/announcement-5-bug-section-read-this-first/</Adress>
        <LinkText>How to report bugs?</LinkText>
      </Link>
      <Link>
        <Adress>https://eu.wargaming.net/support/kb/articles/815</Adress>
        <LinkText>How to solve 'Failed to authenticate' issue?</LinkText>
      </Link>
    </Links_TWA>
    <Links_CLBR>
      <Link>
        <Adress>https://eu.wargaming.net/support/kb/articles/596</Adress>
        <LinkText>How to create a WGCheck</LinkText>
      </Link>
    </Links_CLBR>
    <Links_NET>
      <Link>
        <Adress>https://eu.wargaming.net/support/kb/articles/238</Adress>
        <LinkText>Server under maintenance</LinkText>
      </Link>
      <Link>
        <Adress>https://eu.wargaming.net/support/kb/articles/11</Adress>
        <LinkText>Common problems and solutions</LinkText>
      </Link>
      <Link>
        <Adress>https://eu.wargaming.net/support/kb/articles/236</Adress>
        <LinkText>Connection and download issues</LinkText>
      </Link>
      <Link>
        <Adress>https://eu.wargaming.net/support/kb/articles/322</Adress>
        <LinkText>How to report bugs?</LinkText>
      </Link>
      <Link>
        <Adress>https://eu.wargaming.net/support/kb/articles/251</Adress>
        <LinkText>Tanks not responding correctly</LinkText>
      </Link>
      <Link>
        <Adress>https://eu.wargaming.net/support/kb/articles/246</Adress>
        <LinkText>Tanks jump/stutter and shots disappear</LinkText>
      </Link>
      <Link>
        <Adress>https://eu.wargaming.net/support/kb/articles/50</Adress>
        <LinkText>How to create a Pingplotter report</LinkText>
      </Link>
      <Link>
        <Adress>https://eu.wargaming.net/support/kb/articles/461</Adress>
        <LinkText>How to read a Pingplotter report?</LinkText>
      </Link>
      <Link>
        <Adress>https://eu.wargaming.net/support/kb/articles/757</Adress>
        <LinkText>Checking network issues on Blitz MAC OS</LinkText>
      </Link>
      <Link>
        <Adress>https://eu.wargaming.net/support/kb/articles/782</Adress>
        <LinkText>Solving connection issues in TWA</LinkText>
      </Link>
    </Links_NET>
    <Links_REP>
      <Link>
        <Adress>https://eu.wargaming.net/support/kb/articles/32</Adress>
        <LinkText>How to contact Customer Support?</LinkText>
      </Link>
      <Link>
        <Adress>https://eu.wargaming.net/support/kb/articles/111</Adress>
        <LinkText>How to zip files?</LinkText>
      </Link>
      <Link>
        <Adress>https://eu.wargaming.net/support/kb/articles/591</Adress>
        <LinkText>How to add an attachment?</LinkText>
      </Link>
    </Links_REP>
  </UsefulLinks>
</WGCheckConfig>